category,product1_name,product1_url,product1_price,product1_rating,product2_name,product2_url,product2_price,product2_rating,product1_reviews,product2_reviews
Artificial Plants & Flowers,"Cascading English Ivy - Artificial Ivy Vine for Hanging Basket Decor, Window Boxes, Indoor Decoration, Outdoor Planter - 27"" Faux Plant with 450 Green Leaves",http://matlaber12.media.mit.edu:7770/cascading-english-ivy-artificial-ivy-vine-for-hanging-basket-decor-window-boxes-indoor-decoration-outdoor-planter-27-faux-plant-with-450-green-leaves.html,28.99,75.0,"MyGift 16 Inch Artificial Cactus in Cement Planter Pot, Southwest Decor, Indoor Fake Plant",http://matlaber12.media.mit.edu:7770/mygift-16-inch-artificial-cactus-in-cement-planter-pot-southwest-decor-indoor-fake-plant.html,32.99,75.0,12,12
Artificial Plants & Flowers,"Wofair 5.4 Feet Bird of Paradise Artificial Plant Tree, Fake Greenery Plants with Pot Silk Green Leaves Plastic Stem, Faux Bird of Paradise Plant for Home Office Store Decor ( 1 Pack )",http://matlaber12.media.mit.edu:7770/wofair-5-4-feet-bird-of-paradise-artificial-plant-tree-fake-greenery-plants-with-pot-silk-green-leaves-plastic-stem-faux-bird-of-paradise-plant-for-home-office-store-decor-1-pack.html,61.43,80.0,"Nearly Natural 5819 N/A 4' Bamboo Artificial Tree in Gray Cylinder Planter, Green",http://matlaber12.media.mit.edu:7770/nearly-natural-5819-n-a-4-bamboo-artificial-tree-in-gray-cylinder-planter-green.html,84.88,80.0,12,4
Breads,"DiabeticFriendly's Sugar Free WHITE Chocolate Covered 3 inch Pretzels, 14 oz",http://matlaber12.media.mit.edu:7770/diabeticfriendly-s-sugar-free-white-chocolate-covered-3-inch-pretzels-14-oz.html,21.99,80.0,"Whole Foods Market, Bread Batard Olive, 20 Ounce",http://matlaber12.media.mit.edu:7770/whole-foods-market-bread-batard-olive-20-ounce.html,22.24,80.0,4,2
Breads,"Euro Classic Imports, Baguette Sourdough, 8.82 Ounce",http://matlaber12.media.mit.edu:7770/euro-classic-imports-baguette-sourdough-8-82-ounce.html,53.91,62.0,"Udi's Gluten Free Classic French Dinner Roll, Frozen, 7.41 oz.",http://matlaber12.media.mit.edu:7770/udi-s-gluten-free-classic-french-dinner-roll-frozen-7-41-oz.html,63.53,62.0,12,12
Cell Phones,"Google Pixel 4a with 5G, 6.2"", 128GB, 6GB RAM, Unlocked Cellular - Just Black (Renewed)",http://matlaber12.media.mit.edu:7770/google-pixel-4a-with-5g-6-2-128gb-6gb-ram-unlocked-cellular-just-black-renewed.html,273.5,60.0,Google Pixel 4 - Just Black - 64GB - Unlocked,http://matlaber12.media.mit.edu:7770/google-pixel-4-just-black-64gb-unlocked.html,368.99,60.0,12,12
Cereals,"Honey Bunches Of Oats , Cereal, Honey Roasted, 14.5 Oz",http://matlaber12.media.mit.edu:7770/honey-bunches-of-oats-cereal-honey-roasted-14-5-oz.html,4.99,80.0,"Cascadian Farm Organic Vanilla Crisp Cereal, 12.5 oz",http://matlaber12.media.mit.edu:7770/cascadian-farm-organic-vanilla-crisp-cereal-12-5-oz.html,5.16,80.0,12,12
Cereals,"Bob's Red Mill Organic Brown Rice Farina Creamy Rice Hot Cereal, 24 Oz",http://matlaber12.media.mit.edu:7770/bob-s-red-mill-organic-brown-rice-farina-creamy-rice-hot-cereal-24-oz.html,9.48,80.0,"The Pinole Project - High Protein & Fiber Pinole Oatmeal Banana Cinnamon 1 Bag (5 Meals) - Superfood Chia, Heirloom Corn & GF Oats Blend - Gluten-Free & Vegan",http://matlaber12.media.mit.edu:7770/the-pinole-project-high-protein-fiber-pinole-oatmeal-banana-cinnamon-1-bag-5-meals-superfood-chia-heirloom-corn-gf-oats-blend-gluten-free-vegan.html,9.95,80.0,12,12
Cereals,"Seitenbacher Organic Muesli Choco Coconut Natural Cereal, 16 Ounce",http://matlaber12.media.mit.edu:7770/seitenbacher-organic-muesli-choco-coconut-natural-cereal-16-ounce.html,12.99,80.0,Enerem Ijebu Gari / Nigerian Garri / Crispy Nigerian Ijebu Gari 5lb,http://matlaber12.media.mit.edu:7770/enerem-ijebu-gari-nigerian-garri-crispy-nigerian-ijebu-gari-5lb.html,18.99,80.0,5,4
Cereals,"Barbara's Bakery Multigrain Spoonfuls Cereal, Original, 14 Ounce",http://matlaber12.media.mit.edu:7770/barbara-s-bakery-multigrain-spoonfuls-cereal-original-14-ounce.html,39.18,72.0,"Cascadian Farm Organic Vanilla Chia Crunch Whole Grain Oats, 12.5 Oz",http://matlaber12.media.mit.edu:7770/cascadian-farm-organic-vanilla-chia-crunch-whole-grain-oats-12-5-oz.html,54.96,72.0,12,12
Cheese,"Bel Gioioso, Shaved Parmesan Cup, 5 oz",http://matlaber12.media.mit.edu:7770/bel-gioioso-shaved-parmesan-cup-5-oz.html,10.79,80.0,"IGOR Gorgonzola Piccante Blue Cheese, 8 Ounce (Pack of 1)",http://matlaber12.media.mit.edu:7770/igor-gorgonzola-piccante-blue-cheese-8-ounce-pack-of-1.html,13.05,80.0,12,9
Cheese,CARR VALLEY Fontina,http://matlaber12.media.mit.edu:7770/carr-valley-fontina.html,15.05,100.0,Ezine Goat's Feta – 12.3oz (Tahsildaroglu Ezine Keçi Peyniri – 350g),http://matlaber12.media.mit.edu:7770/ezine-goat-s-feta-12-3oz-tahsildaroglu-ezine-keci-peyniri-350g.html,20.51,100.0,1,1
Cheese,Habanero White Cheddar Cheese 1 Pound Block,http://matlaber12.media.mit.edu:7770/habanero-white-cheddar-cheese-1-pound-block.html,23.28,100.0,Cashel Blue Cheese (1 lb),http://matlaber12.media.mit.edu:7770/cashel-blue-cheese-1-lb.html,24.99,100.0,1,1
Cheese,"La Fromagerie, Fromager d'Affinois - 8 oz",http://matlaber12.media.mit.edu:7770/la-fromagerie-fromager-d-affinois-8-oz.html,24.99,100.0,PIKNIK WHITE CHEESE.,http://matlaber12.media.mit.edu:7770/piknik-white-cheese.html,29.15,100.0,2,1
Cheese,Queijo Minas Mineiro Curado Brazilian Minas Cheese Gourmet Aged Cheese,http://matlaber12.media.mit.edu:7770/queijo-minas-mineiro-curado-brazilian-minas-cheese-gourmet-aged-cheese.html,33.99,85.0,"Daneko Traditional Danish Blue Cheese, 4 oz",http://matlaber12.media.mit.edu:7770/daneko-traditional-danish-blue-cheese-4-oz.html,34.11,85.0,4,12
Cheese,Páramo de Guzmán Aged Cheese - 8.8 Ounces,http://matlaber12.media.mit.edu:7770/paramo-de-guzman-aged-cheese-8-8-ounces.html,36.95,100.0,Cabot Classic Vermont 3 year Cheddar Cheese ~1.75 lb,http://matlaber12.media.mit.edu:7770/cabot-classic-vermont-3-year-cheddar-cheese-1-75-lb.html,39.99,100.0,1,6
Cheese,Bulgarevo Bulgarian Style Feta Cheese 1 Kg ( 2.2 Lbs ),http://matlaber12.media.mit.edu:7770/bulgarevo-bulgarian-style-feta-cheese-1-kg-2-2-lbs.html,39.99,100.0,Spanish Cow Milk Cheese Mahon - 1 pound,http://matlaber12.media.mit.edu:7770/spanish-cow-milk-cheese-mahon-1-pound.html,41.95,100.0,2,1
Cheese,"Organic Valley Organic Thick Cut Shredded Mozzarella Cheese, 6 oz",http://matlaber12.media.mit.edu:7770/organic-valley-organic-thick-cut-shredded-mozzarella-cheese-6-oz.html,43.13,80.0,"La Bonne Vie Goat Cheese with Garlic and Herbs, 4 Ounce",http://matlaber12.media.mit.edu:7770/la-bonne-vie-goat-cheese-with-garlic-and-herbs-4-ounce.html,44.56,80.0,12,12
Cheese,Hartington Blue Stilton Cheese 2kg Ring,http://matlaber12.media.mit.edu:7770/hartington-blue-stilton-cheese-2kg-ring.html,57.63,80.0,"Fromager D Affinois, Florette Brie",http://matlaber12.media.mit.edu:7770/fromager-d-affinois-florette-brie.html,58.91,80.0,2,8
Cheese,"Ammerländer Gouda Cheese, Buttery and Dense with a Creamy Interior- 6lb (2.7 kg)",http://matlaber12.media.mit.edu:7770/ammerlander-gouda-cheese-buttery-and-dense-with-a-creamy-interior-6lb-2-7-kg.html,79.99,100.0,Cheese Goat Gouda (5 Lb Cut) Van Dijk from Holland,http://matlaber12.media.mit.edu:7770/cheese-goat-gouda-5-lb-cut-van-dijk-from-holland.html,149.99,100.0,1,1
Chocolate,"Wilton 1911-9481 Salted Caramel Flavor Candy Melts, 8 OZ.",http://matlaber12.media.mit.edu:7770/wilton-1911-9481-salted-caramel-flavor-candy-melts-8-oz.html,5.22,58.0,"Lily's Sweets, Salted Almond Milk Chocolate Bar, 3 oz",http://matlaber12.media.mit.edu:7770/lily-s-sweets-salted-almond-milk-chocolate-bar-3-oz.html,5.5,58.0,12,12
Chocolate,Melster Candies (1) 5pc Box Chocolatey Covered Chocolate Flavored Marshmallow Bunnies Easter Candy 1.87 oz,http://matlaber12.media.mit.edu:7770/melster-candies-1-5pc-box-chocolatey-covered-chocolate-flavored-marshmallow-bunnies-easter-candy-1-87-oz.html,5.99,60.0,Milka Whole Haselnuts Chocolate Bar Candy Original German Chocolate 100g/3.52oz,http://matlaber12.media.mit.edu:7770/milka-whole-haselnuts-chocolate-bar-candy-original-german-chocolate-100g-3-52oz.html,7.2,60.0,2,2
Chocolate,Kopper's Chocolate Milk Chocolate Covered Gummy Bears - No Artificial Colors or Flavors - 4 Oz Pouch,http://matlaber12.media.mit.edu:7770/kopper-s-chocolate-milk-chocolate-covered-gummy-bears-no-artificial-colors-or-flavors-4-oz-pouch.html,7.97,70.0,"Black Forest Fruit Snacks with Juicy Burst Centers, Fruit Medley, 4 oz",http://matlaber12.media.mit.edu:7770/black-forest-fruit-snacks-with-juicy-burst-centers-fruit-medley-4-oz.html,8.41,70.0,12,2
Chocolate,Kit kat chocolate strawberry 12 bars 1 bags Japan import,http://matlaber12.media.mit.edu:7770/kit-kat-chocolate-strawberry-12-bars-1-bags-japan-import.html,8.98,82.0,"Milka Chocolate Oreo, Large Bar 300g (Oreo)",http://matlaber12.media.mit.edu:7770/milka-chocolate-oreo-large-bar-300g-oreo.html,8.99,82.0,12,12
Chocolate,"Little Secrets Crispy Wafers, Sea Salt Flavor, Gourmet Dark Chocolate Candy, All Natural, Fair Trade Certified, No Artificial Dyes, Healthy Snacks and Treats, No Corn Syrup, (3.5oz Snack Size)",http://matlaber12.media.mit.edu:7770/little-secrets-crispy-wafers-sea-salt-flavor-gourmet-dark-chocolate-candy-all-natural-fair-trade-certified-no-artificial-dyes-healthy-snacks-and-treats-no-corn-syrup-3-5oz-snack-size.html,10.68,72.0,LaetaFood HERSHEY'S KISSES Milk Chocolate Silver Foil Wrap Candy (1 Pound Bag),http://matlaber12.media.mit.edu:7770/laetafood-hershey-s-kisses-milk-chocolate-silver-foil-wrap-candy-1-pound-bag.html,10.99,72.0,12,12
Chocolate,Pump Street Chocolate Ecuador Dark Milk 60%,http://matlaber12.media.mit.edu:7770/pump-street-chocolate-ecuador-dark-milk-60.html,12.99,100.0,Kinder Chocolate 16 Mini Treats - 200g,http://matlaber12.media.mit.edu:7770/kinder-chocolate-16-mini-treats-200g.html,13.51,100.0,1,1
Chocolate,"Madelaine Premium Milk Chocolate Gold Coins (Large Coins, 1/2 LB)",http://matlaber12.media.mit.edu:7770/madelaine-premium-milk-chocolate-gold-coins-large-coins-1-2-lb.html,14.35,97.0,Madelaine Solid Premium Milk Chocolate Mini Fish Wrapped in Italian Foil Featuring Exquisite Tropical Fish (1 LB),http://matlaber12.media.mit.edu:7770/madelaine-solid-premium-milk-chocolate-mini-fish-wrapped-in-italian-foil-featuring-exquisite-tropical-fish-1-lb.html,14.95,97.0,12,12
Chocolate,Canada Candy Coffee Crisp Chocolate Bar 10 Coffee Crisp Candy Bar Canada,http://matlaber12.media.mit.edu:7770/canada-candy-coffee-crisp-chocolate-bar-10-coffee-crisp-candy-bar-canada.html,14.99,87.0,"M&M'S Peanut, SNICKERS, TWIX, 3 MUSKETEERS & SKITTLES Cauldron Halloween Candy Variety Mix, 84.46-Ounce Bag. 275 Pieces",http://matlaber12.media.mit.edu:7770/m-m-s-peanut-snickers-twix-3-musketeers-skittles-cauldron-halloween-candy-variety-mix-84-46-ounce-bag-275-pieces.html,15.78,87.0,12,12
Chocolate,Scott's Cakes 1 Pound Coconut Cream Center Filled Easter Egg Covered in White Chocolate,http://matlaber12.media.mit.edu:7770/scott-s-cakes-1-pound-coconut-cream-center-filled-easter-egg-covered-in-white-chocolate.html,15.95,100.0,"Lindt LINDOR Assorted Chocolate Truffles Heart, Valentine's Day Assorted Chocolate Candy with Truffle Center, 5.5 oz.",http://matlaber12.media.mit.edu:7770/lindt-lindor-assorted-chocolate-truffles-heart-valentine-s-day-assorted-chocolate-candy-with-truffle-center-5-5-oz.html,17.76,100.0,1,2
Chocolate,Candied Fruit - 1 Lb Tub (Cherry Pineapple),http://matlaber12.media.mit.edu:7770/candied-fruit-1-lb-tub-cherry-pineapple.html,17.99,85.0,"Evolved Chocolate, Oatmeal Cookie Dough Filled Chocolate Bar, 2.5 Ounce",http://matlaber12.media.mit.edu:7770/evolved-chocolate-oatmeal-cookie-dough-filled-chocolate-bar-2-5-ounce.html,18.28,85.0,12,12
Chocolate,Elite Mix Mini Hazelnuts Mini Taami Mini Chocolate 14.07 Oz. Pack Of 1.,http://matlaber12.media.mit.edu:7770/elite-mix-mini-hazelnuts-mini-taami-mini-chocolate-14-07-oz-pack-of-1.html,19.99,67.0,"Hershey's Holiday Kisses - Candy Cane, 4.45 lbs (71 ounces)",http://matlaber12.media.mit.edu:7770/hershey-s-holiday-kisses-candy-cane-4-45-lbs-71-ounces.html,20.51,67.0,3,12
Chocolate,"Mars M&M'S Milk Chocolate Holiday Candy (62 Ounce .),, 62 Ounce ()",http://matlaber12.media.mit.edu:7770/mars-m-m-s-milk-chocolate-holiday-candy-62-ounce-62-ounce.html,21.49,67.0,M&M's Black & White Milk Chocolate Candy 1LB Bag,http://matlaber12.media.mit.edu:7770/m-m-s-black-white-milk-chocolate-candy-1lb-bag.html,21.99,67.0,12,12
Chocolate,Woodstock Candy ~ 1991~ 31st Birthday Gifts for Women and Men ~ Vintage Assorted Candy for Him or Her ~ Retro Snack Pack for 31 Year Old Man or Woman ~ Nostalgic Candy Present Box,http://matlaber12.media.mit.edu:7770/woodstock-candy-1991-31st-birthday-gifts-for-women-and-men-vintage-assorted-candy-for-him-or-her-retro-snack-pack-for-31-year-old-man-or-woman-nostalgic-candy-present-box.html,38.9,88.0,"HERSHEY'S SPECIAL DARK Zero Sugar Chocolate Sugar Free Candy, Individually Wrapped, 5.1 oz Pouch",http://matlaber12.media.mit.edu:7770/hershey-s-special-dark-zero-sugar-chocolate-sugar-free-candy-individually-wrapped-5-1-oz-pouch.html,40.34,88.0,12,12
Chocolate,"BAILEYS Original Irish Cream Chocolate Truffles, Milk Chocolate, Non-Alcoholic Chocolate Candy",http://matlaber12.media.mit.edu:7770/baileys-original-irish-cream-chocolate-truffles-milk-chocolate-non-alcoholic-chocolate-candy.html,42.0,75.0,"LINDOR Valentine Milk Chocolate Truffles Mini Gift Heart, 3.4oz",http://matlaber12.media.mit.edu:7770/lindor-valentine-milk-chocolate-truffles-mini-gift-heart-3-4oz.html,45.25,75.0,12,12
Chocolate,"HERSHEY'S, REESE'S and YORK Stocking Stuffer Shapes Chocolate and White Creme Assortment Candy, Holiday, 31.8 oz Bulk Variety Bag",http://matlaber12.media.mit.edu:7770/hershey-s-reese-s-and-york-stocking-stuffer-shapes-chocolate-and-white-creme-assortment-candy-holiday-31-8-oz-bulk-variety-bag.html,56.21,20.0,M&M'S Caramel Chocolate Candy Party Size 34-Ounce Bag,http://matlaber12.media.mit.edu:7770/m-m-s-caramel-chocolate-candy-party-size-34-ounce-bag.html,59.2,20.0,1,1
Cookies,"OREO Chocolate Hazelnut Flavored Creme Chocolate Sandwich Cookies, Family Size, 17 oz",http://matlaber12.media.mit.edu:7770/oreo-chocolate-hazelnut-flavored-creme-chocolate-sandwich-cookies-family-size-17-oz.html,2.57,73.0,"Mcvities, Cookie Digestives, 8.8 Ounce",http://matlaber12.media.mit.edu:7770/mcvities-cookie-digestives-8-8-ounce.html,2.89,73.0,12,12
Cookies,"Kedem, Tea Biscuit Plain, 4.2 Oz",http://matlaber12.media.mit.edu:7770/kedem-tea-biscuit-plain-4-2-oz.html,7.39,87.0,"DARE Cookie Coconut Creme, 10.2 oz",http://matlaber12.media.mit.edu:7770/dare-cookie-coconut-creme-10-2-oz.html,7.49,87.0,9,3
Cookies,"Stauffer's Apple Pie Snaps Cookies, 14 oz",http://matlaber12.media.mit.edu:7770/stauffer-s-apple-pie-snaps-cookies-14-oz.html,7.99,100.0,"Olinas Bakehouse, Cracker Wafer Pepper, 3.5 Ounce",http://matlaber12.media.mit.edu:7770/olinas-bakehouse-cracker-wafer-pepper-3-5-ounce.html,8.99,100.0,1,1
Cookies,Ferrero Hanuta Wafers Filled with Hazelnut Cream (10 Pcs Box),http://matlaber12.media.mit.edu:7770/ferrero-hanuta-wafers-filled-with-hazelnut-cream-10-pcs-box.html,9.02,60.0,"Poppies The Original Traditional Macaroons, Coconut, 6.7 Ounce",http://matlaber12.media.mit.edu:7770/poppies-the-original-traditional-macaroons-coconut-6-7-ounce.html,9.06,60.0,12,12
Cookies,"PARTAKE FOODS Carrot Oat Mini Cookies, 5.5 OZ",http://matlaber12.media.mit.edu:7770/partake-foods-carrot-oat-mini-cookies-5-5-oz.html,9.9,80.0,"EMMYS Organic Vanilla Coconut Macaroons, 6 OZ",http://matlaber12.media.mit.edu:7770/emmys-organic-vanilla-coconut-macaroons-6-oz.html,9.97,80.0,4,12
Cookies,Surati Jeera Cookies 340g,http://matlaber12.media.mit.edu:7770/surati-jeera-cookies-340g.html,9.99,100.0,"Royal Dansk Danish Cookies Tin, butter, 24 Ounce, 1 Pack",http://matlaber12.media.mit.edu:7770/royal-dansk-danish-cookies-tin-butter-24-ounce-1-pack.html,10.48,100.0,2,1
Cookies,"Pepperidge Farm Verona Blueberry Thumbprint Cookies, 6.75 oz. Bag",http://matlaber12.media.mit.edu:7770/pepperidge-farm-verona-blueberry-thumbprint-cookies-6-75-oz-bag.html,11.72,60.0,Voortman Strawberry Wafers,http://matlaber12.media.mit.edu:7770/voortman-strawberry-wafers.html,11.99,60.0,2,1
Cookies,Sapori Soft Amaretti - 175g (0.39lbs),http://matlaber12.media.mit.edu:7770/sapori-soft-amaretti-175g-0-39lbs.html,12.19,40.0,"10 Cup Delicious CHOCOLATE Bliss 2.0 Sampler! Coconut Fudge, Fudge Brownie, Fudge Cake, Chocolate chip cookie++",http://matlaber12.media.mit.edu:7770/10-cup-delicious-chocolate-bliss-2-0-sampler-coconut-fudge-fudge-brownie-fudge-cake-chocolate-chip-cookie.html,12.75,40.0,2,4
Cookies,Arnotts Shapes Vegemite 165g,http://matlaber12.media.mit.edu:7770/arnotts-shapes-vegemite-165g.html,12.95,78.0,Trader Joe's Cinnamon Schoolbook Cookies,http://matlaber12.media.mit.edu:7770/trader-joe-s-cinnamon-schoolbook-cookies.html,12.99,78.0,12,12
Cookies,Favorina Nürnberger Lebkuchen Glazed and Chocolate Coated Gingerbread,http://matlaber12.media.mit.edu:7770/favorina-nurnberger-lebkuchen-glazed-and-chocolate-coated-gingerbread.html,13.7,73.0,Jovial Einkorn Cookies | Crispy Cocoa Cookies | USDA Certified Organic | High Protein | Fair Trade Certified | All Natural Ingredients | Low Carb | Low Sugar | Palm Done Right | 8.8 oz,http://matlaber12.media.mit.edu:7770/jovial-einkorn-cookies-crispy-cocoa-cookies-usda-certified-organic-high-protein-fair-trade-certified-all-natural-ingredients-low-carb-low-sugar-palm-done-right-8-8-oz.html,14.12,73.0,3,12
Cookies,"Dibella Gourmet Biscotti, Cherry Chocolate",http://matlaber12.media.mit.edu:7770/dibella-gourmet-biscotti-cherry-chocolate.html,14.79,100.0,"Kedem, Tea Biscuit Chocolate, 4.2 Oz",http://matlaber12.media.mit.edu:7770/kedem-tea-biscuit-chocolate-4-2-oz.html,14.84,100.0,4,3
Cookies,Wheafree Gluten Free Vegan Gourmet Cookies | Cumin/Jeera| 14.11oz/400g | Indian Chai Tea Biscuit,http://matlaber12.media.mit.edu:7770/wheafree-gluten-free-vegan-gourmet-cookies-cumin-jeera-14-11oz-400g-indian-chai-tea-biscuit.html,14.99,100.0,"ProteinWise High Protein Wafers, Lemon, Low Carb, Low Calorie, Diet Healthy Snacks, Low Sodium, Cholesterol Free, Whey Protein, Trans-Fat Free, 5 Count",http://matlaber12.media.mit.edu:7770/proteinwise-high-protein-wafers-lemon-low-carb-low-calorie-diet-healthy-snacks-low-sodium-cholesterol-free-whey-protein-trans-fat-free-5-count.html,15.99,100.0,1,1
Cookies,"Enjoy Life, Snickerdoodle Cookies, 6 oz, Package may vary",http://matlaber12.media.mit.edu:7770/enjoy-life-snickerdoodle-cookies-6-oz-package-may-vary.html,18.41,73.0,Fresh Sicilian Candied Orange Peel - Frank and Sal Bakery.. 1 Pound,http://matlaber12.media.mit.edu:7770/fresh-sicilian-candied-orange-peel-frank-and-sal-bakery-1-pound.html,22.0,73.0,12,11
Cookies,"OREO Thins Lemon Flavored Creme Sandwich Cookies Family Size, 12 - 13.1 oz",http://matlaber12.media.mit.edu:7770/oreo-thins-lemon-flavored-creme-sandwich-cookies-family-size-12-13-1-oz.html,22.92,100.0,Mini Milk Chocolate Peanut Butter Buckeyes - 1.5 Lb Tub,http://matlaber12.media.mit.edu:7770/mini-milk-chocolate-peanut-butter-buckeyes-1-5-lb-tub.html,24.99,100.0,2,6
Cookies,Butter Pecan Meltaways 20oz,http://matlaber12.media.mit.edu:7770/butter-pecan-meltaways-20oz.html,27.99,80.0,"Archway Cookies, Oatmeal Classic Soft, 9.5 Oz",http://matlaber12.media.mit.edu:7770/archway-cookies-oatmeal-classic-soft-9-5-oz.html,29.53,80.0,8,12
Cookies,Fresh Baked Chocolate Chip Cookies - 1 Dozen - Gourmet Gift Box – Gifts For Men & Women – Soft Cookies - Little Red Kitchen Bake Shop,http://matlaber12.media.mit.edu:7770/fresh-baked-chocolate-chip-cookies-1-dozen-gourmet-gift-box-gifts-for-men-women-soft-cookies-little-red-kitchen-bake-shop.html,35.99,100.0,"Roland Strawberry Tartlet Cookies, 7.05 oz",http://matlaber12.media.mit.edu:7770/roland-strawberry-tartlet-cookies-7-05-oz.html,38.76,100.0,1,1
Cookies,"Vacalin Dulce de Leche Reposteria, Confectioner's Thicker Milk Confiture for Bakeries, Cakes and Pastry, 4 kg / 8.8 lb plastic bin",http://matlaber12.media.mit.edu:7770/vacalin-dulce-de-leche-reposteria-confectioner-s-thicker-milk-confiture-for-bakeries-cakes-and-pastry-4-kg-8-8-lb-plastic-bin.html,41.2,100.0,Cookies United Melt-A-Way Cookie 5 lb,http://matlaber12.media.mit.edu:7770/cookies-united-melt-a-way-cookie-5-lb.html,46.57,100.0,3,2
Deodorants & Antiperspirants,LOVE'S EAU SO GLAMOROUS FINE FRAGRANCE MIST 8.0 FL. OZ. BY DANA CLASSIC FRAGRANCES,http://matlaber12.media.mit.edu:7770/love-s-eau-so-glamorous-fine-fragrance-mist-8-0-fl-oz-by-dana-classic-fragrances.html,6.53,100.0,Speed Stick Power Anti-Perspirant Deodorant Unscented 3 oz (022200004916),http://matlaber12.media.mit.edu:7770/speed-stick-power-anti-perspirant-deodorant-unscented-3-oz-022200004916.html,6.83,100.0,4,2
Deodorants & Antiperspirants,"Home Health Herbal Magic Roll-On Deodorant, Unscented, 3 Ounce",http://matlaber12.media.mit.edu:7770/home-health-herbal-magic-roll-on-deodorant-unscented-3-ounce.html,7.32,90.0,NIVEA 48h Deodorant Roll-on Roll on Invisible for Black&white Anti Perspirant 50ml,http://matlaber12.media.mit.edu:7770/nivea-48h-deodorant-roll-on-roll-on-invisible-for-black-white-anti-perspirant-50ml.html,7.99,90.0,12,12
Deodorants & Antiperspirants,Dry Idea Anti-Perspirant Deodorant Roll-On Advanced Dry Powder Fresh 3.25 oz by Dry Idea,http://matlaber12.media.mit.edu:7770/dry-idea-anti-perspirant-deodorant-roll-on-advanced-dry-powder-fresh-3-25-oz-by-dry-idea.html,10.6,100.0,Giovanna Baby - Linha Tradicional - Desodorante Antitranspirante Aerossol Blanc Vanilla 150 Ml - (Giovanna Baby - Classic Collection - Blanc Vanilla Antiperspirant Aerosol Deodorant 5 Fl Oz),http://matlaber12.media.mit.edu:7770/giovanna-baby-linha-tradicional-desodorante-antitranspirante-aerossol-blanc-vanilla-150-ml-giovanna-baby-classic-collection-blanc-vanilla-antiperspirant-aerosol-deodorant-5-fl-oz.html,11.98,100.0,1,2
Deodorants & Antiperspirants,"Tom's of Maine Natural Long Lasting Men's Deodorant, Mountain Spring 2.25 oz",http://matlaber12.media.mit.edu:7770/tom-s-of-maine-natural-long-lasting-men-s-deodorant-mountain-spring-2-25-oz.html,13.79,60.0,"Erbaviva Jasmine & Grapefruit Organic Deodorant -travel 2 Fl Oz - Aluminum Free, Cruelty Free",http://matlaber12.media.mit.edu:7770/erbaviva-jasmine-grapefruit-organic-deodorant-travel-2-fl-oz-aluminum-free-cruelty-free.html,14.0,60.0,6,16
Deodorants & Antiperspirants,Right Guard Xtreme Fresh Invisible Solid Antiperspirant & Deodorant Recharge,http://matlaber12.media.mit.edu:7770/right-guard-xtreme-fresh-invisible-solid-antiperspirant-deodorant-recharge.html,27.32,100.0,Assorted Deodorants for Men,http://matlaber12.media.mit.edu:7770/assorted-deodorants-for-men.html,27.79,100.0,2,10
Deodorants & Antiperspirants,"Native Jasmine & Cedar Deodorant, 2.65 Ounce - Paraben Free",http://matlaber12.media.mit.edu:7770/native-jasmine-cedar-deodorant-2-65-ounce-paraben-free.html,35.65,78.0,Old Spice Antiperspirant Deodorant for Men Inspired by Nature Wilderness With Lavender Invisible Solid 2.6 oz,http://matlaber12.media.mit.edu:7770/old-spice-antiperspirant-deodorant-for-men-inspired-by-nature-wilderness-with-lavender-invisible-solid-2-6-oz.html,39.9,78.0,9,12
Digital Cameras,Easyshare P880 8 MP Digital Camera with 5.8x Wide Angle Optical Zoom,http://matlaber12.media.mit.edu:7770/easyshare-p880-8-mp-digital-camera-with-5-8x-wide-angle-optical-zoom.html,28.01,87.0,Panasonic Lumix DMC-FZ18K 8.1MP Digital Camera with 18x Wide Angle MEGA Optical Image Stabilized Zoom (Black),http://matlaber12.media.mit.edu:7770/panasonic-lumix-dmc-fz18k-8-1mp-digital-camera-with-18x-wide-angle-mega-optical-image-stabilized-zoom-black.html,29.79,87.0,6,12
Digital Cameras,Fujifilm Finepix S9000 9MP Digital Camera with 10.7x Wide Optical Zoom,http://matlaber12.media.mit.edu:7770/fujifilm-finepix-s9000-9mp-digital-camera-with-10-7x-wide-optical-zoom.html,36.45,90.0,Kodak Easyshare M753 7 MP Digital Camera with 3xOptical Zoom (Silver),http://matlaber12.media.mit.edu:7770/kodak-easyshare-m753-7-mp-digital-camera-with-3xoptical-zoom-silver.html,39.95,90.0,12,12
Digital Cameras,Sony Cybershot DSC-S650 7.2 MP 3x Optical Zoom Digital Camera (Silver),http://matlaber12.media.mit.edu:7770/sony-cybershot-dsc-s650-7-2-mp-3x-optical-zoom-digital-camera-silver.html,42.59,60.0,"Kids Digital Camera, Heegomn 2.8 inch LCD 20MP Compact Digital Camera for Boys and Girls Gift, Portable Point and Shoot Digital Camera with 8X Digital Zoom and Rechargeable Battery",http://matlaber12.media.mit.edu:7770/kids-digital-camera-heegomn-2-8-inch-lcd-20mp-compact-digital-camera-for-boys-and-girls-gift-portable-point-and-shoot-digital-camera-with-8x-digital-zoom-and-rechargeable-battery.html,42.99,60.0,4,2
Digital Cameras,HP PhotoSmart 635 2.1 MP Digital Camera w/3x Optical,http://matlaber12.media.mit.edu:7770/hp-photosmart-635-2-1-mp-digital-camera-w-3x-optical.html,46.37,72.0,Sony Cybershot DSCS730 7.2MP Digital Camera with 3x Optical Zoom,http://matlaber12.media.mit.edu:7770/sony-cybershot-dscs730-7-2mp-digital-camera-with-3x-optical-zoom.html,49.95,72.0,12,12
Digital Cameras,Sony Cybershot DSCW70 7.2MP Digital Camera with 3x Optical Zoom,http://matlaber12.media.mit.edu:7770/sony-cybershot-dscw70-7-2mp-digital-camera-with-3x-optical-zoom.html,55.95,70.0,GE-A835 8MP Digital Camera with 3X Optical Zoom (Silver),http://matlaber12.media.mit.edu:7770/ge-a835-8mp-digital-camera-with-3x-optical-zoom-silver.html,57.93,70.0,12,2
Digital Cameras,Kodak PIXPRO FZ152 Digital Camera + 32GB Memory Card + Point and Shoot Camera Case + Extendable Monopod + Lens Cleaning Pen + LCD Screen Protectors + Table Top Tripod – Ultimate Bundle,http://matlaber12.media.mit.edu:7770/kodak-pixpro-fz152-digital-camera-32gb-memory-card-point-and-shoot-camera-case-extendable-monopod-lens-cleaning-pen-lcd-screen-protectors-table-top-tripod-ultimate-bundle.html,154.95,80.0,Nikon 1 J3 14.2 MP HD Digital Camera Body Only (White) (Certified Refurbished),http://matlaber12.media.mit.edu:7770/nikon-1-j3-14-2-mp-hd-digital-camera-body-only-white-certified-refurbished.html,228.99,80.0,1,1
Digital Cameras,Canon EOS 2000D DSLR Camera (Body Only) with Starter Accessory Bundle – Includes: SanDisk Ultra 32GB SDHC Memory Card + Camera Carrying Case + Body Cap Keeper + Cleaning Pen + Dust Blower + More,http://matlaber12.media.mit.edu:7770/canon-eos-2000d-dslr-camera-body-only-with-starter-accessory-bundle-includes-sandisk-ultra-32gb-sdhc-memory-card-camera-carrying-case-body-cap-keeper-cleaning-pen-dust-blower-more.html,624.0,97.0,Leica DLUX 6 10-megapixel Digital Camera,http://matlaber12.media.mit.edu:7770/leica-dlux-6-10-megapixel-digital-camera.html,899.99,97.0,6,12
Digital Cameras,Renewed Nikon D7500 DX DSLR Camera Body,http://matlaber12.media.mit.edu:7770/renewed-nikon-d7500-dx-dslr-camera-body.html,988.0,73.0,Canon EOS Rebel T7i DSLR Camera Kit with Canon 18-55mm & 75-300mm Lenses + 420-800mm Telephoto Zoom Lens + Battery Grip + TTL Flash (Upto 180 Ft) + Comica Microphone + 128GB Memory + Accessory Bundle,http://matlaber12.media.mit.edu:7770/canon-eos-rebel-t7i-dslr-camera-kit-with-canon-18-55mm-75-300mm-lenses-420-800mm-telephoto-zoom-lens-battery-grip-ttl-flash-upto-180-ft-comica-microphone-128gb-memory-accessory-bundle.html,1499.0,73.0,12,3
Earbud Headphones,"SoundPEATS TrueShift2 Wireless Earbuds Bluetooth 5.0 Headphones, 100H Playtime, IPX7 Waterproof Sports Earbuds, Touch Control, Hi-Fi Stereo Earphones, Input (USB-C)/Output Charging Case(3000mAh)",http://matlaber12.media.mit.edu:7770/soundpeats-trueshift2-wireless-earbuds-bluetooth-5-0-headphones-100h-playtime-ipx7-waterproof-sports-earbuds-touch-control-hi-fi-stereo-earphones-input-usb-c-output-charging-case-3000mah.html,9.53,82.0,Panasonic RP-HJE125E-W - Ergofit Design Headphones,http://matlaber12.media.mit.edu:7770/panasonic-rp-hje125e-w-ergofit-design-headphones.html,9.99,82.0,12,9
Earbud Headphones,"USB C Headphones for Galaxy S20 FE, APETOO Galaxy S21 Ultra Earbuds Type C Headphone HiFi Stereo Bass Noise Cancelling USB C Earphones for Samsung S20 S21 Plus Note 20 Ultra OnePlus 9 Pro Pixel 5 4 XL",http://matlaber12.media.mit.edu:7770/usb-c-headphones-for-galaxy-s20-fe-apetoo-galaxy-s21-ultra-earbuds-type-c-headphone-hifi-stereo-bass-noise-cancelling-usb-c-earphones-for-samsung-s20-s21-plus-note-20-ultra-oneplus-9-pro-pixel-5-4-xl.html,13.59,72.0,"Bluetooth Headset,Wireless Bluetooth Earpiece V4.1 Bluetooth Earbuds Headphones Lightweight in-Ear Earphones Noise Cancelling with Mic and HandsFree for Business/Office/Driving",http://matlaber12.media.mit.edu:7770/bluetooth-headset-wireless-bluetooth-earpiece-v4-1-bluetooth-earbuds-headphones-lightweight-in-ear-earphones-noise-cancelling-with-mic-and-handsfree-for-business-office-driving.html,14.99,72.0,12,12
Earbud Headphones,Wireless Earbuds Bluetooth 5.2 Ear Buds Touch Control in-Ear Headphones 40H Charging Case Noise Cancelling Hi-Fi Stereo Earphones IPX6 Waterproof Air Buds Built-in Mic for iPhone/Android/Samsung,http://matlaber12.media.mit.edu:7770/wireless-earbuds-bluetooth-5-2-ear-buds-touch-control-in-ear-headphones-40h-charging-case-noise-cancelling-hi-fi-stereo-earphones-ipx6-waterproof-air-buds-built-in-mic-for-iphone-android-samsung.html,28.99,90.0,"SoundPEATS Q35 HD Bluetooth Headphones IPX8 Waterproof Earphones in-Ear Stereo Headphones for Sports, Running, Gym, Built-in Mic, Magnetic Charger, 14 Hours Playtime, CVC 6.0",http://matlaber12.media.mit.edu:7770/soundpeats-q35-hd-bluetooth-headphones-ipx8-waterproof-earphones-in-ear-stereo-headphones-for-sports-running-gym-built-in-mic-magnetic-charger-14-hours-playtime-cvc-6-0.html,29.99,90.0,12,12
Earbud Headphones,"Sony WI-SP510 Extra BASS Wireless in-Ear Headset/Headphones with mic for Phone Call Sports IPX5 Bluetooth, Black (WISP510/B)",http://matlaber12.media.mit.edu:7770/sony-wi-sp510-extra-bass-wireless-in-ear-headset-headphones-with-mic-for-phone-call-sports-ipx5-bluetooth-black-wisp510-b.html,33.39,57.0,Wireless Earbuds Bluetooth 5.0 Headphones Automatic Noise Reduction in-Ear Airbuds [with Airpod Silicone Protective case] Built-in Binaural Mic Earphones for iPhone/Android,http://matlaber12.media.mit.edu:7770/wireless-earbuds-bluetooth-5-0-headphones-automatic-noise-reduction-in-ear-airbuds-with-airpod-silicone-protective-case-built-in-binaural-mic-earphones-for-iphone-android.html,35.98,57.0,12,12
Earbud Headphones,"TWS Headphones Wireless Earbuds Earphones True Wireless Stereo Headset Hands-Free Mic Charging Case Compatible with iPhone 12, Mini, Pro, Max",http://matlaber12.media.mit.edu:7770/tws-headphones-wireless-earbuds-earphones-true-wireless-stereo-headset-hands-free-mic-charging-case-compatible-with-iphone-12-mini-pro-max.html,40.0,60.0,"Usahuo Wireless Earbuds Bluetooth - Earphones with Wireless Charging Case, Ipx8 Waterproof Noise Cancelling Earphones, Bluetooth Headset with Premium Stereo Sound for Sports Outdoors",http://matlaber12.media.mit.edu:7770/usahuo-wireless-earbuds-bluetooth-earphones-with-wireless-charging-case-ipx8-waterproof-noise-cancelling-earphones-bluetooth-headset-with-premium-stereo-sound-for-sports-outdoors.html,45.3,60.0,4,2
Earbud Headphones,"Jabra Elite Active 65t Earbuds – True Wireless Earbuds with Charging Case, Copper Red – Bluetooth Earbuds with a Secure Fit and Superior Sound, Long Battery Life and More (Renewed)",http://matlaber12.media.mit.edu:7770/jabra-elite-active-65t-earbuds-true-wireless-earbuds-with-charging-case-copper-red-bluetooth-earbuds-with-a-secure-fit-and-superior-sound-long-battery-life-and-more-renewed.html,49.99,60.0,"Plantronics BackBeat FIT 3100 True Wireless Earbuds, Sweatproof and Waterproof in Ear Workout Headphones, Black (Renewed)",http://matlaber12.media.mit.edu:7770/plantronics-backbeat-fit-3100-true-wireless-earbuds-sweatproof-and-waterproof-in-ear-workout-headphones-black-renewed.html,59.95,60.0,2,81
Flashes,"Godox V860III-S Speedlite Light,E-TTL ll autoflash and Manual Flash, 2.4G High-Speed Sync,7.2V/2600mAh Li-ion Battery Camera Flash Speedlite Light Compatible for Sony Cameras",http://matlaber12.media.mit.edu:7770/godox-v860iii-s-speedlite-light-e-ttl-ll-autoflash-and-manual-flash-2-4g-high-speed-sync-7-2v-2600mah-li-ion-battery-camera-flash-speedlite-light-compatible-for-sony-cameras.html,229.0,100.0,Godox V1-C V1 Li-on TTL On-Camera Round Flash Speedlight Compatible with Canon,http://matlaber12.media.mit.edu:7770/godox-v1-c-v1-li-on-ttl-on-camera-round-flash-speedlight-compatible-with-canon.html,229.0,100.0,2,3
Lenses,Xit XT30WAB 30mm 0.43X Wide Angle Lens for Camera - Black,http://matlaber12.media.mit.edu:7770/xit-xt30wab-30mm-0-43x-wide-angle-lens-for-camera-black.html,15.99,78.0,Holga HL-C 60mm f/8 Lens for Canon DSLR Camera(Black),http://matlaber12.media.mit.edu:7770/holga-hl-c-60mm-f-8-lens-for-canon-dslr-camera-black.html,16.99,78.0,8,11
Lenses,"Skyreat Wide Angle Lens 18mm Compatible with DJI Pocket 2/1,OSMO Pocket Lens Filter Magnetic Perfect Vlogging Accessories",http://matlaber12.media.mit.edu:7770/skyreat-wide-angle-lens-18mm-compatible-with-dji-pocket-2-1-osmo-pocket-lens-filter-magnetic-perfect-vlogging-accessories.html,24.99,80.0,"Fujifilm WLFXE01 E Series Wide Angle Conversion Lens for E500, E510 & E550 Digital Cameras",http://matlaber12.media.mit.edu:7770/fujifilm-wlfxe01-e-series-wide-angle-conversion-lens-for-e500-e510-e550-digital-cameras.html,34.99,80.0,10,4
Lenses,7artisans 35mm F1.2 APS-C Manual Focus Lens Widely Fit for Compact Mirrorless Cameras Fuji X-A1 X-A10 X-A2 X-A3 A-at X-M1 XM2 X-T1 X-T10 X-T2 X-T20 X-Pro1 X-Pro2 X-E1 X-E2 E-E2s (Silver),http://matlaber12.media.mit.edu:7770/7artisans-35mm-f1-2-aps-c-manual-focus-lens-widely-fit-for-compact-mirrorless-cameras-fuji-x-a1-x-a10-x-a2-x-a3-a-at-x-m1-xm2-x-t1-x-t10-x-t2-x-t20-x-pro1-x-pro2-x-e1-x-e2-e-e2s-silver.html,119.0,93.0,"7artisans 55mm F1.4 II Large Aperture Portrait Manual Focus Micro Camera Lens Fit for Fuji Cameras: X-A1, X-A2, X-at, X-M1, XM2, X-T1, X-T2, X-T10, X-Pro1, X-E1, X-E2 and TUYUNG Cloth",http://matlaber12.media.mit.edu:7770/7artisans-55mm-f1-4-ii-large-aperture-portrait-manual-focus-micro-camera-lens-fit-for-fuji-cameras-x-a1-x-a2-x-at-x-m1-xm2-x-t1-x-t2-x-t10-x-pro1-x-e1-x-e2-and-tuyung-cloth.html,126.0,93.0,4,4
Lenses,Canon EF 75-300mm f/4-5.6 III USM Telephoto Zoom Lens for Canon SLR Cameras,http://matlaber12.media.mit.edu:7770/canon-ef-75-300mm-f-4-5-6-iii-usm-telephoto-zoom-lens-for-canon-slr-cameras.html,136.9,80.0,"Meike 12mm F2.8 Ultra Wide Angle Manual Focus Lens for Sony E Mount APS-C Mirrorless Cameras NEX 3 5T NEX 6 7 A6400 A6600 A6000 A6100 A6300 A6500,etc",http://matlaber12.media.mit.edu:7770/meike-12mm-f2-8-ultra-wide-angle-manual-focus-lens-for-sony-e-mount-aps-c-mirrorless-cameras-nex-3-5t-nex-6-7-a6400-a6600-a6000-a6100-a6300-a6500-etc.html,169.99,80.0,12,12
Lenses,Canon Cameras US 6310B002 EF 40mm f/2.8 STM Lens - Fixed Black,http://matlaber12.media.mit.edu:7770/canon-cameras-us-6310b002-ef-40mm-f-2-8-stm-lens-fixed-black.html,199.99,95.0,VILTROX 56mm F1.4 f/1.4 Autofocus E Lens for Sony E Mount a6300 a6400 a6500 a6600 a7 a7S a7c a7Ⅱ a7RⅡ a7SⅢ a7Ⅲ a7RⅢ a7RⅣ,http://matlaber12.media.mit.edu:7770/viltrox-56mm-f1-4-f-1-4-autofocus-e-lens-for-sony-e-mount-a6300-a6400-a6500-a6600-a7-a7s-a7c-a7-a7r-a7s-a7-a7r-a7r.html,279.0,95.0,11,5
Lenses,NIKON NIKKOR Z DX 16-50mm f/3.5-6.3 VR Ultra-Compact Zoom Lens with Image Stabilization for Nikon Z Mirrorless Cameras,http://matlaber12.media.mit.edu:7770/nikon-nikkor-z-dx-16-50mm-f-3-5-6-3-vr-ultra-compact-zoom-lens-with-image-stabilization-for-nikon-z-mirrorless-cameras.html,296.95,98.0,"Fujifilm Fujinon Wide Conversion Lens for X100 Series Camera, Silver (WCL-X100 S II)",http://matlaber12.media.mit.edu:7770/fujifilm-fujinon-wide-conversion-lens-for-x100-series-camera-silver-wcl-x100-s-ii.html,349.0,98.0,10,10
Lenses,Canon RF24-105mm F4-7.1 is STM (4111C002) (Renewed),http://matlaber12.media.mit.edu:7770/canon-rf24-105mm-f4-7-1-is-stm-4111c002-renewed.html,371.0,85.0,Nikon Auto Focus-S FX TC-20E III Teleconverter Lens with Auto Focus for Nikon DSLR Cameras,http://matlaber12.media.mit.edu:7770/nikon-auto-focus-s-fx-tc-20e-iii-teleconverter-lens-with-auto-focus-for-nikon-dslr-cameras.html,460.0,85.0,8,12
Lenses,Panasonic H-FSA100300 Interchangeable Lens LUMIX G Vario 100-300mm / F4.0-5.6 II/Power O.I.S. [Micro Four Thirds Mount] (International Model),http://matlaber12.media.mit.edu:7770/panasonic-h-fsa100300-interchangeable-lens-lumix-g-vario-100-300mm-f4-0-5-6-ii-power-o-i-s-micro-four-thirds-mount-international-model.html,547.99,100.0,Voigtlander Heliar Classic 50mm f/1.5 VM Lens,http://matlaber12.media.mit.edu:7770/voigtlander-heliar-classic-50mm-f-1-5-vm-lens.html,849.0,100.0,2,1
Lenses,Nikon 200-500mm f/5.6E ED VR AF-S NIKKOR Zoom Lens Nikon Digital SLR Cameras – (Renewed),http://matlaber12.media.mit.edu:7770/nikon-200-500mm-f-5-6e-ed-vr-af-s-nikkor-zoom-lens-nikon-digital-slr-cameras-renewed.html,1208.0,98.0,"Panasonic LUMIX S 24-105mm F4 Lens, Full-Frame L Mount, Optical Image Stabilizer and Rugged Dust/Splash/Freeze-Resistant S-R24105 (USA), Black",http://matlaber12.media.mit.edu:7770/panasonic-lumix-s-24-105mm-f4-lens-full-frame-l-mount-optical-image-stabilizer-and-rugged-dust-splash-freeze-resistant-s-r24105-usa-black.html,1297.99,98.0,8,10
Lenses,Tamron SP 70-200mm f/2.8 Di VC USD G2 Lens for Canon EF for Canon EF Mount + Accessories (International Model),http://matlaber12.media.mit.edu:7770/tamron-sp-70-200mm-f-2-8-di-vc-usd-g2-lens-for-canon-ef-for-canon-ef-mount-accessories-international-model.html,1299.0,100.0,Nikon AF-S FX NIKKOR 80-400mm f.4.5-5.6G ED Vibration Reduction Zoom Lens with Auto Focus for Nikon DSLR Cameras (Renewed),http://matlaber12.media.mit.edu:7770/nikon-af-s-fx-nikkor-80-400mm-f-4-5-5-6g-ed-vibration-reduction-zoom-lens-with-auto-focus-for-nikon-dslr-cameras-renewed.html,1748.99,100.0,2,1
Mirrors,"Stonebriar Large Round 32"" Wooden Sunburst Hanging Wall Mirror with Attached Hanging Bracket, Decorative Rustic Decor for the Living Room, Bathroom, Bedroom, and Entryway",http://matlaber12.media.mit.edu:7770/stonebriar-large-round-32-wooden-sunburst-hanging-wall-mirror-with-attached-hanging-bracket-decorative-rustic-decor-for-the-living-room-bathroom-bedroom-and-entryway.html,55.99,80.0,"Oval Wall Mounted Mirror, Metal Wall Mirror with Shelf, Decorative Wall Mirror for Bedroom, Bathroom, Living Room, Entryway,13"" x 27"" Black Room,Bathroom,Living Room, Entryway.",http://matlaber12.media.mit.edu:7770/oval-wall-mounted-mirror-metal-wall-mirror-with-shelf-decorative-wall-mirror-for-bedroom-bathroom-living-room-entryway-13-x-27-black-room-bathroom-living-room-entryway.html,69.99,80.0,10,12
Mirrors,"Mirrorize, 22x17 Framed Gold Hexagon Mirror, Geometric Hanging Modern Metal Frame Accent Wall Mirror for Bathroom Entryway Bedroom (IMP8449)",http://matlaber12.media.mit.edu:7770/mirrorize-22x17-framed-gold-hexagon-mirror-geometric-hanging-modern-metal-frame-accent-wall-mirror-for-bathroom-entryway-bedroom-imp8449.html,73.89,96.0,"H HOMEBROAD. Gold Geometric Wall Mirror, 28"" Metal Framed Wall Mounted Decor for The Living Room, Bathroom, Bedroom, and Entryway",http://matlaber12.media.mit.edu:7770/h-homebroad-gold-geometric-wall-mirror-28-metal-framed-wall-mounted-decor-for-the-living-room-bathroom-bedroom-and-entryway.html,79.98,96.0,6,19
Mirrors,Safavieh Home Madilyn Champagne Sunburst 36-inch Decorative Accent Mirror,http://matlaber12.media.mit.edu:7770/safavieh-home-madilyn-champagne-sunburst-36-inch-decorative-accent-mirror.html,87.97,100.0,Rustic Wood Fish Mirror Decorative Hanging Mirror Wall Decor for Living Room Bathroom Bedroom Vintage Nautical Ocean Beach Home Mirror,http://matlaber12.media.mit.edu:7770/rustic-wood-fish-mirror-decorative-hanging-mirror-wall-decor-for-living-room-bathroom-bedroom-vintage-nautical-ocean-beach-home-mirror.html,93.99,100.0,2,1
Mirrors,"DesignOvation Kate and Laurel Pub Mirrors with 5 Metal Hooks, White",http://matlaber12.media.mit.edu:7770/designovation-kate-and-laurel-pub-mirrors-with-5-metal-hooks-white.html,101.99,85.0,"Facilehome (32"" x 24'') Farmhouse Bathroom Wall Mirror,Rustic Wood Frame Vanity Mirror for Bathroom,Living Room,Bedroom,Entryway",http://matlaber12.media.mit.edu:7770/facilehome-32-x-24-farmhouse-bathroom-wall-mirror-rustic-wood-frame-vanity-mirror-for-bathroom-living-room-bedroom-entryway.html,113.99,85.0,12,11
Mirrors,"Pinnacle Frames & Accents Kimberly Natural Wood Modern Octagon, 40"" x 40"" Wall Mirror, Brown",http://matlaber12.media.mit.edu:7770/pinnacle-frames-accents-kimberly-natural-wood-modern-octagon-40-x-40-wall-mirror-brown.html,119.99,100.0,"MAYKKE Betty 24"" W x 36"" H Wood Framed Rectangle Wall Mirror Decorative Brown Border Edge with Crown Moulding for Vanity, Bathroom, Bedroom Cherry Americana, YSA2130101",http://matlaber12.media.mit.edu:7770/maykke-betty-24-w-x-36-h-wood-framed-rectangle-wall-mirror-decorative-brown-border-edge-with-crown-moulding-for-vanity-bathroom-bedroom-cherry-americana-ysa2130101.html,134.0,100.0,1,1
Mirrors,"Touch of Class Traditional Hansa Acanthus Leaf Shaped Wall Mirror - Aged Gold - Vintage, Framed Ornate Design, Unique Victorian Aesthetic - Decorative Mirrors for Bedroom, Bathroom - 26"" W x 40"" H",http://matlaber12.media.mit.edu:7770/touch-of-class-traditional-hansa-acanthus-leaf-shaped-wall-mirror-aged-gold-vintage-framed-ornate-design-unique-victorian-aesthetic-decorative-mirrors-for-bedroom-bathroom-26-w-x-40-h.html,189.0,100.0,"Full Length Floor Mirror with Lights, betamore 65""x22"" Free Standing Tall Mirror, Wall Mounted Hanging Mirror, Vanity Makeup Mirror, Full Body Mirror, Dressing Mirror with Dimming & 3 Color Modes",http://matlaber12.media.mit.edu:7770/full-length-floor-mirror-with-lights-betamore-65-x22-free-standing-tall-mirror-wall-mounted-hanging-mirror-vanity-makeup-mirror-full-body-mirror-dressing-mirror-with-dimming-3-color-modes.html,203.99,100.0,1,3
Mouthwash,"Simply Silver Mouthwash Spearmint Flavor- Nano Hydroxyapatite Formula, All Natural Colloidal Silver Mouthwash Chemical, Alcohol, Fluoride, and BPA Free, 16 oz",http://matlaber12.media.mit.edu:7770/simply-silver-mouthwash-spearmint-flavor-nano-hydroxyapatite-formula-all-natural-colloidal-silver-mouthwash-chemical-alcohol-fluoride-and-bpa-free-16-oz.html,16.49,100.0,"One Drop Only Oral Care Concentrate, 50ml",http://matlaber12.media.mit.edu:7770/one-drop-only-oral-care-concentrate-50ml.html,17.5,100.0,1,9
Mouthwash,Perioscience Hydrating Toothpaste - Hydroxyapatite Anti Cavity Gum Tissue Protection & Enamel Defense - AO Pro Dentist Recommended Teeth Whitening Clean Plaque Removal,http://matlaber12.media.mit.edu:7770/perioscience-hydrating-toothpaste-hydroxyapatite-anti-cavity-gum-tissue-protection-enamel-defense-ao-pro-dentist-recommended-teeth-whitening-clean-plaque-removal.html,19.0,93.0,BreathRx Anti-Bacterial Mouth Rinse (33oz Bottle),http://matlaber12.media.mit.edu:7770/breathrx-anti-bacterial-mouth-rinse-33oz-bottle.html,33.8,93.0,12,12
Mouthwash,Natures Answer - Natures Answer PerioWash Mouthwash Alcohol-Free Cinna Mint - 16 fl oz,http://matlaber12.media.mit.edu:7770/natures-answer-natures-answer-periowash-mouthwash-alcohol-free-cinna-mint-16-fl-oz.html,43.56,100.0,OraMD Extra Strength (3) - Natural Solution for Healthy Teeth & Healthy Gums,http://matlaber12.media.mit.edu:7770/oramd-extra-strength-3-natural-solution-for-healthy-teeth-healthy-gums.html,79.94,100.0,1,3
On-Ear Headphones,"SuperEQ S8 Active Noise Cancelling Headphones, On-Ear Bluetooth Headsets w/ Built-in Mic for Kids, Adults, Wireless & Wired 2-IN-1, 18 Hrs Playtime, HiFi Audio for PC Computer, Laptop, Tablet, Phones",http://matlaber12.media.mit.edu:7770/supereq-s8-active-noise-cancelling-headphones-on-ear-bluetooth-headsets-w-built-in-mic-for-kids-adults-wireless-wired-2-in-1-18-hrs-playtime-hifi-audio-for-pc-computer-laptop-tablet-phones.html,29.99,77.0,JBL TUNE500BT Wireless On-Ear Headphones with One-Button Remote and Mic (White),http://matlaber12.media.mit.edu:7770/jbl-tune500bt-wireless-on-ear-headphones-with-one-button-remote-and-mic-white.html,45.32,77.0,12,12
Over-Ear Headphones,Paw Patrol Headphones with Volume Limiter,http://matlaber12.media.mit.edu:7770/paw-patrol-headphones-with-volume-limiter.html,23.98,55.0,"5 in 1 Wireless Headphones Over Ear Headsets,RF High-Fidelity with Monitoring+FM Radio for PC TV Net Chat",http://matlaber12.media.mit.edu:7770/5-in-1-wireless-headphones-over-ear-headsets-rf-high-fidelity-with-monitoring-fm-radio-for-pc-tv-net-chat.html,23.99,55.0,8,12
Over-Ear Headphones,Razer Opus Active Noise Cancelling ANC Wireless Headphones: THX Audio Tuning - 25 Hr Battery - Bluetooth & 3.5mm Jack Compatible - Auto Play/Auto Pause - Carrying Case Included - Classic Black,http://matlaber12.media.mit.edu:7770/razer-opus-active-noise-cancelling-anc-wireless-headphones-thx-audio-tuning-25-hr-battery-bluetooth-3-5mm-jack-compatible-auto-play-auto-pause-carrying-case-included-classic-black.html,39.86,65.0,"Bone Conduction Headphones, Open-Ear Wireless Sports Headsets Bluetooth 5.0 Light Weight Bone Conduction Headphones for Sports.",http://matlaber12.media.mit.edu:7770/bone-conduction-headphones-open-ear-wireless-sports-headsets-bluetooth-5-0-light-weight-bone-conduction-headphones-for-sports.html,45.0,65.0,12,12
Over-Ear Headphones,"Avantree HT4189 40Hrs Wireless Headphones Set for TV Watching with Bluetooth Transmitter (Digital Optical AUX RCA), No Delay, Dual Link Support, High Volume Over Ear Headset for Seniors, Long Range",http://matlaber12.media.mit.edu:7770/avantree-ht4189-40hrs-wireless-headphones-set-for-tv-watching-with-bluetooth-transmitter-digital-optical-aux-rca-no-delay-dual-link-support-high-volume-over-ear-headset-for-seniors-long-range.html,99.99,60.0,Lenovo Headset - Wireless - Bluetooth - Over-The-Head - Noise Canceling,http://matlaber12.media.mit.edu:7770/lenovo-headset-wireless-bluetooth-over-the-head-noise-canceling.html,149.38,60.0,12,4
Pasta & Noodles,"Miracle Noodle Pasta, Angel Hair, 7 Ounce (Pack of 1)",http://matlaber12.media.mit.edu:7770/miracle-noodle-pasta-angel-hair-7-ounce-pack-of-1.html,7.99,75.0,"Banza Chickpea Pasta, Rotini, 8 oz",http://matlaber12.media.mit.edu:7770/banza-chickpea-pasta-rotini-8-oz.html,13.65,75.0,11,12
Smartwatches,Vanguard VEO PA-65 Universal Digiscoping Adapter for Smartphone with Bluetooth Remote,http://matlaber12.media.mit.edu:7770/vanguard-veo-pa-65-universal-digiscoping-adapter-for-smartphone-with-bluetooth-remote.html,59.99,80.0,"Smart Watch for Android Phones, Smart Watch, Watches for Men Women, 1.69"" Curved Screen Smartwatch with Heart Rate Blood Oxygen Sleep Monitor Waterproof Fitness Tracker Fitness Watches (Black/Blue)",http://matlaber12.media.mit.edu:7770/smart-watch-for-android-phones-smart-watch-watches-for-men-women-1-69-curved-screen-smartwatch-with-heart-rate-blood-oxygen-sleep-monitor-waterproof-fitness-tracker-fitness-watches-black-blue.html,59.99,80.0,1,8
Speakers,Beach Speaker Bag,http://matlaber12.media.mit.edu:7770/beach-speaker-bag.html,5.84,100.0,"Polk Audio TSi300 Floorstanding Speaker (Pair, Black)",http://matlaber12.media.mit.edu:7770/polk-audio-tsi300-floorstanding-speaker-pair-black.html,6.62,100.0,1,2
Speakers,SZHKHXD Remote Control for Insignia NS-SBAR21F20 Bluetooth TV Soundbar Audio System Speaker,http://matlaber12.media.mit.edu:7770/szhkhxd-remote-control-for-insignia-ns-sbar21f20-bluetooth-tv-soundbar-audio-system-speaker.html,17.96,100.0,MyFunRound 6-Element Bluetooth Stereo Soundbar/TV Sound Speaker System with Remote Control,http://matlaber12.media.mit.edu:7770/myfunround-6-element-bluetooth-stereo-soundbar-tv-sound-speaker-system-with-remote-control.html,33.59,100.0,1,1
Speakers,Samsung HW-JM45C R Soundbar with Subwoofer,http://matlaber12.media.mit.edu:7770/samsung-hw-jm45c-r-soundbar-with-subwoofer.html,37.0,77.0,Sonos Bridege for Sonos Wireless Network (Discontinued by Manufacturer),http://matlaber12.media.mit.edu:7770/sonos-bridege-for-sonos-wireless-network-discontinued-by-manufacturer.html,37.9,77.0,12,12
Speakers,Soundbar+Wireless Subwoofer Home Theater System For Sharp HDTV Television TV,http://matlaber12.media.mit.edu:7770/soundbar-wireless-subwoofer-home-theater-system-for-sharp-hdtv-television-tv.html,42.67,78.0,Samsung HW-Q6CR 5.1 Ch Acoustic Beam Soundbar and Wireless Subwoofer (2020),http://matlaber12.media.mit.edu:7770/samsung-hw-q6cr-5-1-ch-acoustic-beam-soundbar-and-wireless-subwoofer-2020.html,43.62,78.0,10,11
Speakers,"Valcom S-504 Interior Metal Speaker with 25/70-volt transformer with Black Cloth Grille, Gray",http://matlaber12.media.mit.edu:7770/valcom-s-504-interior-metal-speaker-with-25-70-volt-transformer-with-black-cloth-grille-gray.html,64.64,100.0,"Herdio in Wall Speakers 5.25 Inch 2-Way Ceiling Bluetooth Audio System Perfect for Home Theater,Living Room,Office,Shop",http://matlaber12.media.mit.edu:7770/herdio-in-wall-speakers-5-25-inch-2-way-ceiling-bluetooth-audio-system-perfect-for-home-theater-living-room-office-shop.html,69.99,100.0,1,2
Speakers,"Klipsch RB-51 II (Pr) 2-Way Bookshelf Speakers,Black,Dimensions: 11.4"" H x 6.5"" W x 10.75"" D",http://matlaber12.media.mit.edu:7770/klipsch-rb-51-ii-pr-2-way-bookshelf-speakers-black-dimensions-11-4-h-x-6-5-w-x-10-75-d.html,199.99,90.0,"Dayton Audio IOSUB 10"" IP66 Indoor/Outdoor Subwoofer 150W Black",http://matlaber12.media.mit.edu:7770/dayton-audio-iosub-10-ip66-indoor-outdoor-subwoofer-150w-black.html,229.98,90.0,12,12
Speakers,Definitive Technology Ueva/Di 6.5str Round Stereo in-Ceiling Speaker (Single),http://matlaber12.media.mit.edu:7770/definitive-technology-ueva-di-6-5str-round-stereo-in-ceiling-speaker-single.html,329.0,73.0,"VIZIO SB36514-G6 36"" 5.1.4 Premium Home Theater Sound System with Dolby Atmos and Wireless Subwoofer,Black (Renewed)",http://matlaber12.media.mit.edu:7770/vizio-sb36514-g6-36-5-1-4-premium-home-theater-sound-system-with-dolby-atmos-and-wireless-subwoofer-black-renewed.html,349.0,73.0,9,12
Speakers,"SONOS PLAYBAR TV Sound Bar/Wireless Streaming Music Speaker (Certified Refurbished), Works with Alexa",http://matlaber12.media.mit.edu:7770/sonos-playbar-tv-sound-bar-wireless-streaming-music-speaker-certified-refurbished-works-with-alexa.html,699.0,92.0,"Definitive Technology CS-9060 Center Channel Speaker | Built-in 8"" 150-Watt Powered Subwoofer for Home Theater | High Performance | Premium Sound Quality | Single, Black",http://matlaber12.media.mit.edu:7770/definitive-technology-cs-9060-center-channel-speaker-built-in-8-150-watt-powered-subwoofer-for-home-theater-high-performance-premium-sound-quality-single-black.html,799.0,92.0,12,12
Televisions,"Samsung 693 HG32NF693GF 32"" 1080p LED-LCD TV - 16:9 - HDTV - Black - ATSC - 1920 x 1080 - Dolby Digital Plus - 10 W RMS - LED Backlight - Smart TV - 3 x HDMI - USB - Ethernet - Wireless LAN - DLN",http://matlaber12.media.mit.edu:7770/samsung-693-hg32nf693gf-32-1080p-led-lcd-tv-16-9-hdtv-black-atsc-1920-x-1080-dolby-digital-plus-10-w-rms-led-backlight-smart-tv-3-x-hdmi-usb-ethernet-wireless-lan-dln.html,299.99,40.0,"LG 43UP8000PUA Alexa Built-in 43"" 4K Smart UHD TV (2021) (Renewed)",http://matlaber12.media.mit.edu:7770/lg-43up8000pua-alexa-built-in-43-4k-smart-uhd-tv-2021-renewed.html,341.99,40.0,3,5
Toothpaste,"Hello Activated Charcoal Hemp Seed Oil Epic Whitening Toothpaste, 4 Ounce, Fluoride Free, SLS Free",http://matlaber12.media.mit.edu:7770/hello-activated-charcoal-hemp-seed-oil-epic-whitening-toothpaste-4-ounce-fluoride-free-sls-free.html,6.99,80.0,"JASON Powersmile Whitening Fluoride-Free Toothpaste, 6 Ounce Tube",http://matlaber12.media.mit.edu:7770/jason-powersmile-whitening-fluoride-free-toothpaste-6-ounce-tube.html,7.28,80.0,12,12
Toothpaste,Dr.NOAH Natural Toothpaste with Fluoride Peppermint Flavor Zero Waste Toothpaste Anti-Plaque & Whitening Toothpaste for Sensitive Teeth Fluoride Toothpaste 4.2 Oz 1 Pack,http://matlaber12.media.mit.edu:7770/dr-noah-natural-toothpaste-with-fluoride-peppermint-flavor-zero-waste-toothpaste-anti-plaque-whitening-toothpaste-for-sensitive-teeth-fluoride-toothpaste-4-2-oz-1-pack.html,9.99,100.0,Hello Sutandinguchubu Guard 165g,http://matlaber12.media.mit.edu:7770/hello-sutandinguchubu-guard-165g.html,10.02,100.0,1,1
Toothpaste,"Acca Kappa Total Protection Toothpaste, 100 ml",http://matlaber12.media.mit.edu:7770/acca-kappa-total-protection-toothpaste-100-ml.html,12.09,100.0,Kingfisher Baking Soda Toothpaste 100ml,http://matlaber12.media.mit.edu:7770/kingfisher-baking-soda-toothpaste-100ml.html,12.84,100.0,1,3
Toothpaste,Curaprox Enzycal toothpaste 1450 ppm by Curaprox,http://matlaber12.media.mit.edu:7770/curaprox-enzycal-toothpaste-1450-ppm-by-curaprox.html,13.9,100.0,Colgate Cool Mnt Liq Bttl Size 4.6z Colgate Cool Mint Liquid Toothpaste,http://matlaber12.media.mit.edu:7770/colgate-cool-mnt-liq-bttl-size-4-6z-colgate-cool-mint-liquid-toothpaste.html,14.2,100.0,3,1
Toothpaste,"Tom's of Maine, Natural Wicked Fresh Fluoride Toothpaste - Cool Peppermint - 4.7 Ounce",http://matlaber12.media.mit.edu:7770/tom-s-of-maine-natural-wicked-fresh-fluoride-toothpaste-cool-peppermint-4-7-ounce.html,21.93,73.0,Toothpaste with Chios Mastiha 80 Ml - Xios Mastic,http://matlaber12.media.mit.edu:7770/toothpaste-with-chios-mastiha-80-ml-xios-mastic.html,22.89,73.0,12,3
Toothpaste,PerioScript® Oral Cleansing Concentrate 4 oz Bottle,http://matlaber12.media.mit.edu:7770/perioscriptr-oral-cleansing-concentrate-4-oz-bottle.html,23.89,82.0,"Crest Gum & Enamel Repair Toothpaste Advanced Whitening 4.1 oz, pack of 1",http://matlaber12.media.mit.edu:7770/crest-gum-enamel-repair-toothpaste-advanced-whitening-4-1-oz-pack-of-1.html,38.32,82.0,12,12
Video Projectors,Epson PowerLite 990U WUXGA 3LCD Projector with 1.6X Optical Zoom and Enhanced Wireless Display Technology,http://matlaber12.media.mit.edu:7770/epson-powerlite-990u-wuxga-3lcd-projector-with-1-6x-optical-zoom-and-enhanced-wireless-display-technology.html,40.1,100.0,"CASEMATIX Projector Travel Case with Customizable Foam Compatible with Epson PowerLite 1781W, V11H79602 and Other LCD Portable Projectors and Accessories - Includes Case Only for Home Theater Devices",http://matlaber12.media.mit.edu:7770/casematix-projector-travel-case-with-customizable-foam-compatible-with-epson-powerlite-1781w-v11h79602-and-other-lcd-portable-projectors-and-accessories-includes-case-only-for-home-theater-devices.html,49.99,100.0,1,8
Video Projectors,"AAXA HP2 Halloween Projector for Haunted Windows, Pumpkins, Holographic Projections, DLP LED Portable Projector with 5 Onboard Spectral Illusions Ghosts and wraiths, Built-in Speaker, BT Audio Out",http://matlaber12.media.mit.edu:7770/aaxa-hp2-halloween-projector-for-haunted-windows-pumpkins-holographic-projections-dlp-led-portable-projector-with-5-onboard-spectral-illusions-ghosts-and-wraiths-built-in-speaker-bt-audio-out.html,54.83,58.0,Optoma HD DLP 1080P 3500 Lumen Compact Short Throw Projector (EH415ST),http://matlaber12.media.mit.edu:7770/optoma-hd-dlp-1080p-3500-lumen-compact-short-throw-projector-eh415st.html,56.55,58.0,8,8
Video Projectors,ViewSonic PJL6233 30-Inch 1080i Front Projector (Black),http://matlaber12.media.mit.edu:7770/viewsonic-pjl6233-30-inch-1080i-front-projector-black.html,57.04,100.0,Optoma EH334 1080p Full HD 3D DLP Business Projector,http://matlaber12.media.mit.edu:7770/optoma-eh334-1080p-full-hd-3d-dlp-business-projector.html,63.32,100.0,1,1
Video Projectors,"WiFi Bluetooth Projector - Artlii Enjoy 2 Mini Projector for iPhone Support Full HD 1080P, Keystone & Zoom, 300"" Portable Movie Projector Compatible with TV Stick, iOS, Android",http://matlaber12.media.mit.edu:7770/wifi-bluetooth-projector-artlii-enjoy-2-mini-projector-for-iphone-support-full-hd-1080p-keystone-zoom-300-portable-movie-projector-compatible-with-tv-stick-ios-android.html,119.99,65.0,"Mini WiFi Bluetooth Projector, ELLEPHAS 1080P Full HD Supported Movie Projector, Home Theater Video Projector with 100"" Projector Screen & Zoom, Compatible with Android/iOS/PC/TV Stick/PS4/ DVD Player",http://matlaber12.media.mit.edu:7770/mini-wifi-bluetooth-projector-ellephas-1080p-full-hd-supported-movie-projector-home-theater-video-projector-with-100-projector-screen-zoom-compatible-with-android-ios-pc-tv-stick-ps4-dvd-player.html,130.99,65.0,12,12
Video Projectors,NEC NP64 3000 Lumens XGA DLP Projector,http://matlaber12.media.mit.edu:7770/nec-np64-3000-lumens-xga-dlp-projector.html,150.0,80.0,InFocus IN38 Work Big DLP XGA Projector 3500 Lumens,http://matlaber12.media.mit.edu:7770/infocus-in38-work-big-dlp-xga-projector-3500-lumens.html,225.0,80.0,3,1
Video Projectors,"Native 1080P 5G WiFi Bluetooth Projector, AILESSOM 9800LM 450"" Display Support 4K Movie Projector, High Brightness for Home Theater and Business, Compatible with iOS/Android/TV Stick/PS4/HDMI/USB/PPT",http://matlaber12.media.mit.edu:7770/native-1080p-5g-wifi-bluetooth-projector-ailessom-9800lm-450-display-support-4k-movie-projector-high-brightness-for-home-theater-and-business-compatible-with-ios-android-tv-stick-ps4-hdmi-usb-ppt.html,314.48,90.0,NEC Ultra-Short Video Projector (NP-UM361X),http://matlaber12.media.mit.edu:7770/nec-ultra-short-video-projector-np-um361x.html,480.93,90.0,12,2
Video Projectors,Epson PowerLite S5 Business Projector (SVGA Resolution 800x600) (V11H252020),http://matlaber12.media.mit.edu:7770/epson-powerlite-s5-business-projector-svga-resolution-800x600-v11h252020.html,549.0,87.0,Epson BrightLink Pro 1430Wi LCD Projector - HDTV - 16:10,http://matlaber12.media.mit.edu:7770/epson-brightlink-pro-1430wi-lcd-projector-hdtv-16-10.html,574.99,87.0,12,9
Video Projectors,NEC NP410W 2600 Lumens LCD Projector,http://matlaber12.media.mit.edu:7770/nec-np410w-2600-lumens-lcd-projector.html,599.0,100.0,Mitsubishi  DLP Projector (XD90U),http://matlaber12.media.mit.edu:7770/mitsubishi-dlp-projector-xd90u.html,599.95,100.0,1,1
Video Projectors,Epson PowerLite 109W LCD Projector - 16:10,http://matlaber12.media.mit.edu:7770/epson-powerlite-109w-lcd-projector-16-10.html,815.92,100.0,BenQ MU686 High Brightness Low Noise Business Projector with WUXGA for Wireless Presentation Projector,http://matlaber12.media.mit.edu:7770/benq-mu686-high-brightness-low-noise-business-projector-with-wuxga-for-wireless-presentation-projector.html,869.99,100.0,1,1
Video Projectors,BenQ SX920 DLP Projector,http://matlaber12.media.mit.edu:7770/benq-sx920-dlp-projector.html,1199.99,100.0,"Optoma UHL55 Portable LED UHD 4K Smart Projector,Compatible with Alexa - (Renewed)",http://matlaber12.media.mit.edu:7770/optoma-uhl55-portable-led-uhd-4k-smart-projector-compatible-with-alexa-renewed.html,1790.0,100.0,1,3
Virtual Reality (VR) Headsets,"Olixar Lens Protectors for Oculus Quest 2 VR Headset - Prevent your Glasses from Scratching your Oculus Quest 2 Lenses - 3 Sizes Included, Use your Favourite Pair - Red & Blue",http://matlaber12.media.mit.edu:7770/olixar-lens-protectors-for-oculus-quest-2-vr-headset-prevent-your-glasses-from-scratching-your-oculus-quest-2-lenses-3-sizes-included-use-your-favourite-pair-red-blue.html,12.99,100.0,LTGEM EVA Hard Case for VR Headset Universal Virtual Reality Goggles - Travel Protective Carrying Storage Bag,http://matlaber12.media.mit.edu:7770/ltgem-eva-hard-case-for-vr-headset-universal-virtual-reality-goggles-travel-protective-carrying-storage-bag.html,15.99,100.0,2,1
Virtual Reality (VR) Headsets,VR Headset for iPhone and Android Phones - Virtual Reality Goggles | Comfortable & Adjustable VR Glasses | Play Your Best Mobile 3D Games 360 Movies - Great Gift for Kids and Adults | Cat,http://matlaber12.media.mit.edu:7770/vr-headset-for-iphone-and-android-phones-virtual-reality-goggles-comfortable-adjustable-vr-glasses-play-your-best-mobile-3d-games-360-movies-great-gift-for-kids-and-adults-cat.html,22.95,100.0,LICHIFIT Halo Strap Headband Adjustable Head Strap Belt for Oculus Quest2 VR Glasses Virtual Reality Accessories,http://matlaber12.media.mit.edu:7770/lichifit-halo-strap-headband-adjustable-head-strap-belt-for-oculus-quest2-vr-glasses-virtual-reality-accessories.html,31.99,100.0,1,2
Virtual Reality (VR) Headsets,"for Oculus Quest 2 Case, for AkoaDa Hard Oculus Quest 2 Carrying Case for Oculus Quest 2 Elite Version VR Gaming Headset and Touch Controllers Accessories, Grey 1 Pcs",http://matlaber12.media.mit.edu:7770/for-oculus-quest-2-case-for-akoada-hard-oculus-quest-2-carrying-case-for-oculus-quest-2-elite-version-vr-gaming-headset-and-touch-controllers-accessories-grey-1-pcs.html,33.99,100.0,HTC VIVE Virtual Reality System (Renewed),http://matlaber12.media.mit.edu:7770/htc-vive-virtual-reality-system-renewed.html,46.99,100.0,3,5
Wine,"Decoy, Sparkling Brut Cuvee, 750mL",http://matlaber12.media.mit.edu:7770/decoy-sparkling-brut-cuvee-750ml.html,2.82,100.0,"Firesteed, Pinot Noir, 750mL",http://matlaber12.media.mit.edu:7770/firesteed-pinot-noir-750ml.html,3.13,100.0,2,1
Wine,"French Blue, Rose, 750 ml",http://matlaber12.media.mit.edu:7770/french-blue-rose-750-ml.html,7.87,62.0,"St.Regis Chardonnay (Non Alcoholic Wine), 25.4 Fl Oz",http://matlaber12.media.mit.edu:7770/st-regis-chardonnay-non-alcoholic-wine-25-4-fl-oz.html,12.35,62.0,11,113
Wine,"BRIANNAS Blush Wine Vinaigrette Dressing, 12 Fl Oz",http://matlaber12.media.mit.edu:7770/briannas-blush-wine-vinaigrette-dressing-12-fl-oz.html,16.0,67.0,"Barefoot Cabernet Sauvignon, 1.5 L",http://matlaber12.media.mit.edu:7770/barefoot-cabernet-sauvignon-1-5-l.html,26.19,67.0,12,3
Wine,Celebrity Vineyards: From Napa to Tuscany: In Search of Great Wine,http://matlaber12.media.mit.edu:7770/celebrity-vineyards-from-napa-to-tuscany-in-search-of-great-wine.html,29.34,80.0,"Taittinger Lafrancaise Brut Champagne, 750 ml",http://matlaber12.media.mit.edu:7770/taittinger-lafrancaise-brut-champagne-750-ml.html,39.06,80.0,1,1
Yogurt,"siggi's Triple Cream Icelandic Strained Yogurt, Vanilla, 4-oz. Single Serve Cup",http://matlaber12.media.mit.edu:7770/siggi-s-triple-cream-icelandic-strained-yogurt-vanilla-4-oz-single-serve-cup.html,25.86,87.0,"Silk Soy Milk Dairy-Free Yogurt Alternative, Vanilla, Gluten-Free, Vegan, Non-GMO Project Verified, 5.3 oz.",http://matlaber12.media.mit.edu:7770/silk-soy-milk-dairy-free-yogurt-alternative-vanilla-gluten-free-vegan-non-gmo-project-verified-5-3-oz.html,37.14,87.0,12,12
Yogurt,"FAGE Total Greek Yogurt, 2% Reduced Fat, Plain, 32 oz",http://matlaber12.media.mit.edu:7770/fage-total-greek-yogurt-2-reduced-fat-plain-32-oz.html,45.53,87.0,"Chobani Non-Fat Greek Yogurt, Blackberry on the Bottom 5.3oz",http://matlaber12.media.mit.edu:7770/chobani-non-fat-greek-yogurt-blackberry-on-the-bottom-5-3oz.html,62.7,87.0,12,12
